t,x,u
0,0,0.000000
0.000000,0.010000,0.009998
0.000000,0.020000,0.019987
0.000000,0.030000,0.029956
0.000000,0.040000,0.039895
0.000000,0.050000,0.049795
0.000000,0.060000,0.059645
0.000000,0.070000,0.069437
0.000000,0.080000,0.079160
0.000000,0.090000,0.088806
0.000000,0.100000,0.098363
0.000000,0.110000,0.107824
0.000000,0.120000,0.117178
0.000000,0.130000,0.126416
0.000000,0.140000,0.135530
0.000000,0.150000,0.144510
0.000000,0.160000,0.153347
0.000000,0.170000,0.162033
0.000000,0.180000,0.170559
0.000000,0.190000,0.178917
0.000000,0.200000,0.187098
0.000000,0.210000,0.195094
0.000000,0.220000,0.202898
0.000000,0.230000,0.210502
0.000000,0.240000,0.217898
0.000000,0.250000,0.225079
0.000000,0.260000,0.232038
0.000000,0.270000,0.238768
0.000000,0.280000,0.245262
0.000000,0.290000,0.251514
0.000000,0.300000,0.257518
0.000000,0.310000,0.263268
0.000000,0.320000,0.268758
0.000000,0.330000,0.273983
0.000000,0.340000,0.278937
0.000000,0.350000,0.283616
0.000000,0.360000,0.288015
0.000000,0.370000,0.292130
0.000000,0.380000,0.295957
0.000000,0.390000,0.299492
0.000000,0.400000,0.302731
0.000000,0.410000,0.305671
0.000000,0.420000,0.308310
0.000000,0.430000,0.310644
0.000000,0.440000,0.312672
0.000000,0.450000,0.314391
0.000000,0.460000,0.315800
0.000000,0.470000,0.316897
0.000000,0.480000,0.317682
0.000000,0.490000,0.318153
0.000000,0.500000,0.318310
0.000000,0.510000,0.318153
0.000000,0.520000,0.317682
0.000000,0.530000,0.316897
0.000000,0.540000,0.315800
0.000000,0.550000,0.314391
0.000000,0.560000,0.312672
0.000000,0.570000,0.310644
0.000000,0.580000,0.308310
0.000000,0.590000,0.305671
0.000000,0.600000,0.302731
0.000000,0.610000,0.299492
0.000000,0.620000,0.295957
0.000000,0.630000,0.292130
0.000000,0.640000,0.288015
0.000000,0.650000,0.283616
0.000000,0.660000,0.278937
0.000000,0.670000,0.273983
0.000000,0.680000,0.268758
0.000000,0.690000,0.263268
0.000000,0.700000,0.257518
0.000000,0.710000,0.251514
0.000000,0.720000,0.245262
0.000000,0.730000,0.238768
0.000000,0.740000,0.232038
0.000000,0.750000,0.225079
0.000000,0.760000,0.217898
0.000000,0.770000,0.210502
0.000000,0.780000,0.202898
0.000000,0.790000,0.195094
0.000000,0.800000,0.187098
0.000000,0.810000,0.178917
0.000000,0.820000,0.170559
0.000000,0.830000,0.162033
0.000000,0.840000,0.153347
0.000000,0.850000,0.144510
0.000000,0.860000,0.135530
0.000000,0.870000,0.126416
0.000000,0.880000,0.117178
0.000000,0.890000,0.107824
0.000000,0.900000,0.098363
0.000000,0.910000,0.088806
0.000000,0.920000,0.079160
0.000000,0.930000,0.069437
0.000000,0.940000,0.059645
0.000000,0.950000,0.049795
0.000000,0.960000,0.039895
0.000000,0.970000,0.029956
0.000000,0.980000,0.019987
0.000000,0.990000,0.009998
0.000000,1.000000,0.000000
0.100000,0.000000,0.019169
0.100000,0.010000,0.024088
0.100000,0.020000,0.029020
0.100000,0.030000,0.033959
0.100000,0.040000,0.038899
0.100000,0.050000,0.043834
0.100000,0.060000,0.048758
0.100000,0.070000,0.053666
0.100000,0.080000,0.058552
0.100000,0.090000,0.063410
0.100000,0.100000,0.068234
0.100000,0.110000,0.073019
0.100000,0.120000,0.077759
0.100000,0.130000,0.082450
0.100000,0.140000,0.087085
0.100000,0.150000,0.091660
0.100000,0.160000,0.096169
0.100000,0.170000,0.100607
0.100000,0.180000,0.104970
0.100000,0.190000,0.109253
0.100000,0.200000,0.113450
0.100000,0.210000,0.117558
0.100000,0.220000,0.121572
0.100000,0.230000,0.125487
0.100000,0.240000,0.129299
0.100000,0.250000,0.133005
0.100000,0.260000,0.136600
0.100000,0.270000,0.140080
0.100000,0.280000,0.143442
0.100000,0.290000,0.146682
0.100000,0.300000,0.149796
0.100000,0.310000,0.152782
0.100000,0.320000,0.155636
0.100000,0.330000,0.158354
0.100000,0.340000,0.160936
0.100000,0.350000,0.163376
0.100000,0.360000,0.165674
0.100000,0.370000,0.167826
0.100000,0.380000,0.169831
0.100000,0.390000,0.171686
0.100000,0.400000,0.173390
0.100000,0.410000,0.174940
0.100000,0.420000,0.176335
0.100000,0.430000,0.177574
0.100000,0.440000,0.178655
0.100000,0.450000,0.179578
0.100000,0.460000,0.180341
0.100000,0.470000,0.180943
0.100000,0.480000,0.181385
0.100000,0.490000,0.181666
0.100000,0.500000,0.181785
0.100000,0.510000,0.181743
0.100000,0.520000,0.181539
0.100000,0.530000,0.181174
0.100000,0.540000,0.180649
0.100000,0.550000,0.179963
0.100000,0.560000,0.179119
0.100000,0.570000,0.178116
0.100000,0.580000,0.176956
0.100000,0.590000,0.175640
0.100000,0.600000,0.174170
0.100000,0.610000,0.172548
0.100000,0.620000,0.170775
0.100000,0.630000,0.168853
0.100000,0.640000,0.166784
0.100000,0.650000,0.164572
0.100000,0.660000,0.162217
0.100000,0.670000,0.159724
0.100000,0.680000,0.157093
0.100000,0.690000,0.154330
0.100000,0.700000,0.151436
0.100000,0.710000,0.148415
0.100000,0.720000,0.145271
0.100000,0.730000,0.142006
0.100000,0.740000,0.138625
0.100000,0.750000,0.135131
0.100000,0.760000,0.131528
0.100000,0.770000,0.127821
0.100000,0.780000,0.124014
0.100000,0.790000,0.120110
0.100000,0.800000,0.116115
0.100000,0.810000,0.112033
0.100000,0.820000,0.107868
0.100000,0.830000,0.103626
0.100000,0.840000,0.099312
0.100000,0.850000,0.094930
0.100000,0.860000,0.090486
0.100000,0.870000,0.085985
0.100000,0.880000,0.081432
0.100000,0.890000,0.076832
0.100000,0.900000,0.072192
0.100000,0.910000,0.067517
0.100000,0.920000,0.062812
0.100000,0.930000,0.058084
0.100000,0.940000,0.053337
0.100000,0.950000,0.048579
0.100000,0.960000,0.043815
0.100000,0.970000,0.039051
0.100000,0.980000,0.034293
0.100000,0.990000,0.029547
0.100000,1.000000,0.024820
0.200000,0.000000,0.018679
0.200000,0.010000,0.022255
0.200000,0.020000,0.025808
0.200000,0.030000,0.029336
0.200000,0.040000,0.032836
0.200000,0.050000,0.036306
0.200000,0.060000,0.039745
0.200000,0.070000,0.043148
0.200000,0.080000,0.046515
0.200000,0.090000,0.049842
0.200000,0.100000,0.053127
0.200000,0.110000,0.056368
0.200000,0.120000,0.059563
0.200000,0.130000,0.062709
0.200000,0.140000,0.065804
0.200000,0.150000,0.068846
0.200000,0.160000,0.071832
0.200000,0.170000,0.074760
0.200000,0.180000,0.077629
0.200000,0.190000,0.080435
0.200000,0.200000,0.083177
0.200000,0.210000,0.085853
0.200000,0.220000,0.088460
0.200000,0.230000,0.090998
0.200000,0.240000,0.093463
0.200000,0.250000,0.095854
0.200000,0.260000,0.098169
0.200000,0.270000,0.100406
0.200000,0.280000,0.102564
0.200000,0.290000,0.104641
0.200000,0.300000,0.106635
0.200000,0.310000,0.108545
0.200000,0.320000,0.110370
0.200000,0.330000,0.112107
0.200000,0.340000,0.113757
0.200000,0.350000,0.115316
0.200000,0.360000,0.116785
0.200000,0.370000,0.118162
0.200000,0.380000,0.119446
0.200000,0.390000,0.120635
0.200000,0.400000,0.121730
0.200000,0.410000,0.122730
0.200000,0.420000,0.123633
0.200000,0.430000,0.124439
0.200000,0.440000,0.125147
0.200000,0.450000,0.125757
0.200000,0.460000,0.126269
0.200000,0.470000,0.126681
0.200000,0.480000,0.126995
0.200000,0.490000,0.127209
0.200000,0.500000,0.127324
0.200000,0.510000,0.127339
0.200000,0.520000,0.127255
0.200000,0.530000,0.127071
0.200000,0.540000,0.126789
0.200000,0.550000,0.126408
0.200000,0.560000,0.125928
0.200000,0.570000,0.125351
0.200000,0.580000,0.124676
0.200000,0.590000,0.123905
0.200000,0.600000,0.123038
0.200000,0.610000,0.122076
0.200000,0.620000,0.121019
0.200000,0.630000,0.119869
0.200000,0.640000,0.118627
0.200000,0.650000,0.117294
0.200000,0.660000,0.115871
0.200000,0.670000,0.114359
0.200000,0.680000,0.112759
0.200000,0.690000,0.111073
0.200000,0.700000,0.109303
0.200000,0.710000,0.107449
0.200000,0.720000,0.105514
0.200000,0.730000,0.103499
0.200000,0.740000,0.101406
0.200000,0.750000,0.099237
0.200000,0.760000,0.096992
0.200000,0.770000,0.094675
0.200000,0.780000,0.092287
0.200000,0.790000,0.089831
0.200000,0.800000,0.087307
0.200000,0.810000,0.084719
0.200000,0.820000,0.082067
0.200000,0.830000,0.079356
0.200000,0.840000,0.076586
0.200000,0.850000,0.073759
0.200000,0.860000,0.070879
0.200000,0.870000,0.067947
0.200000,0.880000,0.064966
0.200000,0.890000,0.061938
0.200000,0.900000,0.058865
0.200000,0.910000,0.055750
0.200000,0.920000,0.052594
0.200000,0.930000,0.049402
0.200000,0.940000,0.046174
0.200000,0.950000,0.042913
0.200000,0.960000,0.039622
0.200000,0.970000,0.036303
0.200000,0.980000,0.032958
0.200000,0.990000,0.029590
0.200000,1.000000,0.026200
0.300000,0.000000,0.008514
0.300000,0.010000,0.012117
0.300000,0.020000,0.015669
0.300000,0.030000,0.019168
0.300000,0.040000,0.022615
0.300000,0.050000,0.026007
0.300000,0.060000,0.029345
0.300000,0.070000,0.032626
0.300000,0.080000,0.035851
0.300000,0.090000,0.039017
0.300000,0.100000,0.042124
0.300000,0.110000,0.045172
0.300000,0.120000,0.048158
0.300000,0.130000,0.051082
0.300000,0.140000,0.053944
0.300000,0.150000,0.056741
0.300000,0.160000,0.059474
0.300000,0.170000,0.062141
0.300000,0.180000,0.064741
0.300000,0.190000,0.067274
0.300000,0.200000,0.069738
0.300000,0.210000,0.072132
0.300000,0.220000,0.074457
0.300000,0.230000,0.076710
0.300000,0.240000,0.078891
0.300000,0.250000,0.080999
0.300000,0.260000,0.083034
0.300000,0.270000,0.084994
0.300000,0.280000,0.086879
0.300000,0.290000,0.088688
0.300000,0.300000,0.090421
0.300000,0.310000,0.092077
0.300000,0.320000,0.093654
0.300000,0.330000,0.095154
0.300000,0.340000,0.096574
0.300000,0.350000,0.097914
0.300000,0.360000,0.099175
0.300000,0.370000,0.100354
0.300000,0.380000,0.101453
0.300000,0.390000,0.102470
0.300000,0.400000,0.103405
0.300000,0.410000,0.104258
0.300000,0.420000,0.105028
0.300000,0.430000,0.105715
0.300000,0.440000,0.106319
0.300000,0.450000,0.106839
0.300000,0.460000,0.107276
0.300000,0.470000,0.107629
0.300000,0.480000,0.107898
0.300000,0.490000,0.108083
0.300000,0.500000,0.108184
0.300000,0.510000,0.108201
0.300000,0.520000,0.108133
0.300000,0.530000,0.107982
0.300000,0.540000,0.107746
0.300000,0.550000,0.107427
0.300000,0.560000,0.107024
0.300000,0.570000,0.106537
0.300000,0.580000,0.105967
0.300000,0.590000,0.105314
0.300000,0.600000,0.104578
0.300000,0.610000,0.103760
0.300000,0.620000,0.102859
0.300000,0.630000,0.101877
0.300000,0.640000,0.100813
0.300000,0.650000,0.099669
0.300000,0.660000,0.098444
0.300000,0.670000,0.097140
0.300000,0.680000,0.095756
0.300000,0.690000,0.094293
0.300000,0.700000,0.092753
0.300000,0.710000,0.091134
0.300000,0.720000,0.089439
0.300000,0.730000,0.087667
0.300000,0.740000,0.085820
0.300000,0.750000,0.083899
0.300000,0.760000,0.081903
0.300000,0.770000,0.079833
0.300000,0.780000,0.077691
0.300000,0.790000,0.075478
0.300000,0.800000,0.073193
0.300000,0.810000,0.070839
0.300000,0.820000,0.068415
0.300000,0.830000,0.065922
0.300000,0.840000,0.063362
0.300000,0.850000,0.060736
0.300000,0.860000,0.058044
0.300000,0.870000,0.055286
0.300000,0.880000,0.052465
0.300000,0.890000,0.049581
0.300000,0.900000,0.046635
0.300000,0.910000,0.043627
0.300000,0.920000,0.040559
0.300000,0.930000,0.037432
0.300000,0.940000,0.034246
0.300000,0.950000,0.031003
0.300000,0.960000,0.027703
0.300000,0.970000,0.024347
0.300000,0.980000,0.020936
0.300000,0.990000,0.017472
0.300000,1.000000,0.013954
0.400000,0.000000,-0.004802
0.400000,0.010000,-0.000657
0.400000,0.020000,0.003415
0.400000,0.030000,0.007412
0.400000,0.040000,0.011334
0.400000,0.050000,0.015181
0.400000,0.060000,0.018953
0.400000,0.070000,0.022648
0.400000,0.080000,0.026267
0.400000,0.090000,0.029809
0.400000,0.100000,0.033274
0.400000,0.110000,0.036661
0.400000,0.120000,0.039970
0.400000,0.130000,0.043200
0.400000,0.140000,0.046350
0.400000,0.150000,0.049421
0.400000,0.160000,0.052412
0.400000,0.170000,0.055323
0.400000,0.180000,0.058152
0.400000,0.190000,0.060900
0.400000,0.200000,0.063567
0.400000,0.210000,0.066151
0.400000,0.220000,0.068653
0.400000,0.230000,0.071071
0.400000,0.240000,0.073407
0.400000,0.250000,0.075658
0.400000,0.260000,0.077826
0.400000,0.270000,0.079909
0.400000,0.280000,0.081907
0.400000,0.290000,0.083820
0.400000,0.300000,0.085648
0.400000,0.310000,0.087390
0.400000,0.320000,0.089046
0.400000,0.330000,0.090615
0.400000,0.340000,0.092098
0.400000,0.350000,0.093494
0.400000,0.360000,0.094803
0.400000,0.370000,0.096024
0.400000,0.380000,0.097158
0.400000,0.390000,0.098204
0.400000,0.400000,0.099162
0.400000,0.410000,0.100031
0.400000,0.420000,0.100812
0.400000,0.430000,0.101505
0.400000,0.440000,0.102109
0.400000,0.450000,0.102624
0.400000,0.460000,0.103050
0.400000,0.470000,0.103387
0.400000,0.480000,0.103634
0.400000,0.490000,0.103793
0.400000,0.500000,0.103862
0.400000,0.510000,0.103842
0.400000,0.520000,0.103733
0.400000,0.530000,0.103534
0.400000,0.540000,0.103246
0.400000,0.550000,0.102869
0.400000,0.560000,0.102402
0.400000,0.570000,0.101846
0.400000,0.580000,0.101201
0.400000,0.590000,0.100466
0.400000,0.600000,0.099643
0.400000,0.610000,0.098731
0.400000,0.620000,0.097729
0.400000,0.630000,0.096640
0.400000,0.640000,0.095461
0.400000,0.650000,0.094195
0.400000,0.660000,0.092840
0.400000,0.670000,0.091397
0.400000,0.680000,0.089866
0.400000,0.690000,0.088247
0.400000,0.700000,0.086541
0.400000,0.710000,0.084748
0.400000,0.720000,0.082868
0.400000,0.730000,0.080901
0.400000,0.740000,0.078848
0.400000,0.750000,0.076708
0.400000,0.760000,0.074483
0.400000,0.770000,0.072171
0.400000,0.780000,0.069775
0.400000,0.790000,0.067293
0.400000,0.800000,0.064727
0.400000,0.810000,0.062076
0.400000,0.820000,0.059341
0.400000,0.830000,0.056522
0.400000,0.840000,0.053620
0.400000,0.850000,0.050634
0.400000,0.860000,0.047566
0.400000,0.870000,0.044415
0.400000,0.880000,0.041182
0.400000,0.890000,0.037867
0.400000,0.900000,0.034470
0.400000,0.910000,0.030993
0.400000,0.920000,0.027434
0.400000,0.930000,0.023795
0.400000,0.940000,0.020076
0.400000,0.950000,0.016278
0.400000,0.960000,0.012399
0.400000,0.970000,0.008442
0.400000,0.980000,0.004405
0.400000,0.990000,0.000291
0.400000,1.000000,-0.003902
0.500000,0.000000,-0.018597
0.500000,0.010000,-0.013711
0.500000,0.020000,-0.008920
0.500000,0.030000,-0.004222
0.500000,0.040000,0.000381
0.500000,0.050000,0.004889
0.500000,0.060000,0.009303
0.500000,0.070000,0.013621
0.500000,0.080000,0.017843
0.500000,0.090000,0.021970
0.500000,0.100000,0.026000
0.500000,0.110000,0.029934
0.500000,0.120000,0.033772
0.500000,0.130000,0.037513
0.500000,0.140000,0.041157
0.500000,0.150000,0.044704
0.500000,0.160000,0.048153
0.500000,0.170000,0.051505
0.500000,0.180000,0.054759
0.500000,0.190000,0.057914
0.500000,0.200000,0.060972
0.500000,0.210000,0.063930
0.500000,0.220000,0.066790
0.500000,0.230000,0.069551
0.500000,0.240000,0.072212
0.500000,0.250000,0.074774
0.500000,0.260000,0.077237
0.500000,0.270000,0.079599
0.500000,0.280000,0.081862
0.500000,0.290000,0.084024
0.500000,0.300000,0.086086
0.500000,0.310000,0.088048
0.500000,0.320000,0.089909
0.500000,0.330000,0.091668
0.500000,0.340000,0.093327
0.500000,0.350000,0.094885
0.500000,0.360000,0.096341
0.500000,0.370000,0.097696
0.500000,0.380000,0.098949
0.500000,0.390000,0.100100
0.500000,0.400000,0.101149
0.500000,0.410000,0.102097
0.500000,0.420000,0.102942
0.500000,0.430000,0.103685
0.500000,0.440000,0.104326
0.500000,0.450000,0.104864
0.500000,0.460000,0.105300
0.500000,0.470000,0.105633
0.500000,0.480000,0.105864
0.500000,0.490000,0.105991
0.500000,0.500000,0.106016
0.500000,0.510000,0.105939
0.500000,0.520000,0.105758
0.500000,0.530000,0.105474
0.500000,0.540000,0.105087
0.500000,0.550000,0.104598
0.500000,0.560000,0.104005
0.500000,0.570000,0.103309
0.500000,0.580000,0.102511
0.500000,0.590000,0.101609
0.500000,0.600000,0.100604
0.500000,0.610000,0.099496
0.500000,0.620000,0.098285
0.500000,0.630000,0.096971
0.500000,0.640000,0.095554
0.500000,0.650000,0.094035
0.500000,0.660000,0.092412
0.500000,0.670000,0.090686
0.500000,0.680000,0.088858
0.500000,0.690000,0.086927
0.500000,0.700000,0.084893
0.500000,0.710000,0.082756
0.500000,0.720000,0.080517
0.500000,0.730000,0.078175
0.500000,0.740000,0.075731
0.500000,0.750000,0.073185
0.500000,0.760000,0.070536
0.500000,0.770000,0.067785
0.500000,0.780000,0.064932
0.500000,0.790000,0.061977
0.500000,0.800000,0.058920
0.500000,0.810000,0.055761
0.500000,0.820000,0.052501
0.500000,0.830000,0.049139
0.500000,0.840000,0.045675
0.500000,0.850000,0.042110
0.500000,0.860000,0.038444
0.500000,0.870000,0.034677
0.500000,0.880000,0.030809
0.500000,0.890000,0.026839
0.500000,0.900000,0.022769
0.500000,0.910000,0.018598
0.500000,0.920000,0.014327
0.500000,0.930000,0.009955
0.500000,0.940000,0.005483
0.500000,0.950000,0.000910
0.500000,0.960000,-0.003762
0.500000,0.970000,-0.008535
0.500000,0.980000,-0.013407
0.500000,0.990000,-0.018380
0.500000,1.000000,-0.023452
0.600000,0.000000,-0.031956
0.600000,0.010000,-0.026249
0.600000,0.020000,-0.020655
0.600000,0.030000,-0.015175
0.600000,0.040000,-0.009809
0.600000,0.050000,-0.004557
0.600000,0.060000,0.000581
0.600000,0.070000,0.005604
0.600000,0.080000,0.010513
0.600000,0.090000,0.015308
0.600000,0.100000,0.019987
0.600000,0.110000,0.024552
0.600000,0.120000,0.029001
0.600000,0.130000,0.033335
0.600000,0.140000,0.037553
0.600000,0.150000,0.041656
0.600000,0.160000,0.045643
0.600000,0.170000,0.049514
0.600000,0.180000,0.053269
0.600000,0.190000,0.056908
0.600000,0.200000,0.060431
0.600000,0.210000,0.063836
0.600000,0.220000,0.067126
0.600000,0.230000,0.070298
0.600000,0.240000,0.073353
0.600000,0.250000,0.076291
0.600000,0.260000,0.079112
0.600000,0.270000,0.081816
0.600000,0.280000,0.084402
0.600000,0.290000,0.086871
0.600000,0.300000,0.089222
0.600000,0.310000,0.091454
0.600000,0.320000,0.093569
0.600000,0.330000,0.095566
0.600000,0.340000,0.097445
0.600000,0.350000,0.099205
0.600000,0.360000,0.100847
0.600000,0.370000,0.102370
0.600000,0.380000,0.103775
0.600000,0.390000,0.105061
0.600000,0.400000,0.106228
0.600000,0.410000,0.107276
0.600000,0.420000,0.108206
0.600000,0.430000,0.109016
0.600000,0.440000,0.109707
0.600000,0.450000,0.110278
0.600000,0.460000,0.110731
0.600000,0.470000,0.111064
0.600000,0.480000,0.111277
0.600000,0.490000,0.111371
0.600000,0.500000,0.111345
0.600000,0.510000,0.111200
0.600000,0.520000,0.110935
0.600000,0.530000,0.110550
0.600000,0.540000,0.110045
0.600000,0.550000,0.109421
0.600000,0.560000,0.108676
0.600000,0.570000,0.107812
0.600000,0.580000,0.106827
0.600000,0.590000,0.105723
0.600000,0.600000,0.104498
0.600000,0.610000,0.103153
0.600000,0.620000,0.101688
0.600000,0.630000,0.100103
0.600000,0.640000,0.098398
0.600000,0.650000,0.096573
0.600000,0.660000,0.094627
0.600000,0.670000,0.092561
0.600000,0.680000,0.090375
0.600000,0.690000,0.088069
0.600000,0.700000,0.085642
0.600000,0.710000,0.083095
0.600000,0.720000,0.080428
0.600000,0.730000,0.077641
0.600000,0.740000,0.074734
0.600000,0.750000,0.071706
0.600000,0.760000,0.068558
0.600000,0.770000,0.065290
0.600000,0.780000,0.061901
0.600000,0.790000,0.058392
0.600000,0.800000,0.054764
0.600000,0.810000,0.051015
0.600000,0.820000,0.047146
0.600000,0.830000,0.043156
0.600000,0.840000,0.039047
0.600000,0.850000,0.034818
0.600000,0.860000,0.030468
0.600000,0.870000,0.025999
0.600000,0.880000,0.021409
0.600000,0.890000,0.016700
0.600000,0.900000,0.011871
0.600000,0.910000,0.006921
0.600000,0.920000,0.001852
0.600000,0.930000,-0.003337
0.600000,0.940000,-0.008645
0.600000,0.950000,-0.014074
0.600000,0.960000,-0.019622
0.600000,0.970000,-0.025290
0.600000,0.980000,-0.031077
0.600000,0.990000,-0.036985
0.600000,1.000000,-0.043011
0.700000,0.000000,-0.044621
0.700000,0.010000,-0.038058
0.700000,0.020000,-0.031627
0.700000,0.030000,-0.025329
0.700000,0.040000,-0.019164
0.700000,0.050000,-0.013132
0.700000,0.060000,-0.007233
0.700000,0.070000,-0.001468
0.700000,0.080000,0.004163
0.700000,0.090000,0.009661
0.700000,0.100000,0.015025
0.700000,0.110000,0.020255
0.700000,0.120000,0.025350
0.700000,0.130000,0.030312
0.700000,0.140000,0.035139
0.700000,0.150000,0.039832
0.700000,0.160000,0.044390
0.700000,0.170000,0.048814
0.700000,0.180000,0.053103
0.700000,0.190000,0.057256
0.700000,0.200000,0.061275
0.700000,0.210000,0.065159
0.700000,0.220000,0.068907
0.700000,0.230000,0.072520
0.700000,0.240000,0.075998
0.700000,0.250000,0.079340
0.700000,0.260000,0.082546
0.700000,0.270000,0.085616
0.700000,0.280000,0.088551
0.700000,0.290000,0.091349
0.700000,0.300000,0.094012
0.700000,0.310000,0.096538
0.700000,0.320000,0.098928
0.700000,0.330000,0.101181
0.700000,0.340000,0.103298
0.700000,0.350000,0.105278
0.700000,0.360000,0.107122
0.700000,0.370000,0.108829
0.700000,0.380000,0.110399
0.700000,0.390000,0.111832
0.700000,0.400000,0.113128
0.700000,0.410000,0.114287
0.700000,0.420000,0.115309
0.700000,0.430000,0.116194
0.700000,0.440000,0.116941
0.700000,0.450000,0.117551
0.700000,0.460000,0.118023
0.700000,0.470000,0.118358
0.700000,0.480000,0.118555
0.700000,0.490000,0.118615
0.700000,0.500000,0.118536
0.700000,0.510000,0.118320
0.700000,0.520000,0.117966
0.700000,0.530000,0.117475
0.700000,0.540000,0.116845
0.700000,0.550000,0.116077
0.700000,0.560000,0.115171
0.700000,0.570000,0.114127
0.700000,0.580000,0.112944
0.700000,0.590000,0.111624
0.700000,0.600000,0.110165
0.700000,0.610000,0.108568
0.700000,0.620000,0.106832
0.700000,0.630000,0.104958
0.700000,0.640000,0.102946
0.700000,0.650000,0.100795
0.700000,0.660000,0.098506
0.700000,0.670000,0.096078
0.700000,0.680000,0.093511
0.700000,0.690000,0.090806
0.700000,0.700000,0.087962
0.700000,0.710000,0.084979
0.700000,0.720000,0.081858
0.700000,0.730000,0.078598
0.700000,0.740000,0.075200
0.700000,0.750000,0.071662
0.700000,0.760000,0.067986
0.700000,0.770000,0.064171
0.700000,0.780000,0.060217
0.700000,0.790000,0.056124
0.700000,0.800000,0.051892
0.700000,0.810000,0.047522
0.700000,0.820000,0.043012
0.700000,0.830000,0.038364
0.700000,0.840000,0.033577
0.700000,0.850000,0.028651
0.700000,0.860000,0.023586
0.700000,0.870000,0.018382
0.700000,0.880000,0.013039
0.700000,0.890000,0.007557
0.700000,0.900000,0.001936
0.700000,0.910000,-0.003823
0.700000,0.920000,-0.009722
0.700000,0.930000,-0.015759
0.700000,0.940000,-0.021936
0.700000,0.950000,-0.028251
0.700000,0.960000,-0.034706
0.700000,0.970000,-0.041299
0.700000,0.980000,-0.048031
0.700000,0.990000,-0.054902
0.700000,1.000000,-0.061912
0.800000,0.000000,-0.056558
0.800000,0.010000,-0.049120
0.800000,0.020000,-0.041834
0.800000,0.030000,-0.034700
0.800000,0.040000,-0.027718
0.800000,0.050000,-0.020889
0.800000,0.060000,-0.014212
0.800000,0.070000,-0.007688
0.800000,0.080000,-0.001317
0.800000,0.090000,0.004902
0.800000,0.100000,0.010967
0.800000,0.110000,0.016880
0.800000,0.120000,0.022639
0.800000,0.130000,0.028245
0.800000,0.140000,0.033698
0.800000,0.150000,0.038997
0.800000,0.160000,0.044143
0.800000,0.170000,0.049135
0.800000,0.180000,0.053973
0.800000,0.190000,0.058658
0.800000,0.200000,0.063188
0.800000,0.210000,0.067564
0.800000,0.220000,0.071786
0.800000,0.230000,0.075854
0.800000,0.240000,0.079767
0.800000,0.250000,0.083526
0.800000,0.260000,0.087130
0.800000,0.270000,0.090580
0.800000,0.280000,0.093875
0.800000,0.290000,0.097015
0.800000,0.300000,0.100000
0.800000,0.310000,0.102831
0.800000,0.320000,0.105506
0.800000,0.330000,0.108026
0.800000,0.340000,0.110390
0.800000,0.350000,0.112600
0.800000,0.360000,0.114653
0.800000,0.370000,0.116552
0.800000,0.380000,0.118294
0.800000,0.390000,0.119882
0.800000,0.400000,0.121313
0.800000,0.410000,0.122588
0.800000,0.420000,0.123708
0.800000,0.430000,0.124672
0.800000,0.440000,0.125479
0.800000,0.450000,0.126131
0.800000,0.460000,0.126626
0.800000,0.470000,0.126966
0.800000,0.480000,0.127148
0.800000,0.490000,0.127175
0.800000,0.500000,0.127045
0.800000,0.510000,0.126758
0.800000,0.520000,0.126316
0.800000,0.530000,0.125716
0.800000,0.540000,0.124960
0.800000,0.550000,0.124047
0.800000,0.560000,0.122977
0.800000,0.570000,0.121750
0.800000,0.580000,0.120367
0.800000,0.590000,0.118826
0.800000,0.600000,0.117129
0.800000,0.610000,0.115274
0.800000,0.620000,0.113263
0.800000,0.630000,0.111094
0.800000,0.640000,0.108768
0.800000,0.650000,0.106285
0.800000,0.660000,0.103645
0.800000,0.670000,0.100847
0.800000,0.680000,0.097892
0.800000,0.690000,0.094780
0.800000,0.700000,0.091510
0.800000,0.710000,0.088083
0.800000,0.720000,0.084498
0.800000,0.730000,0.080756
0.800000,0.740000,0.076856
0.800000,0.750000,0.072799
0.800000,0.760000,0.068584
0.800000,0.770000,0.064212
0.800000,0.780000,0.059681
0.800000,0.790000,0.054993
0.800000,0.800000,0.050148
0.800000,0.810000,0.045144
0.800000,0.820000,0.039983
0.800000,0.830000,0.034664
0.800000,0.840000,0.029187
0.800000,0.850000,0.023553
0.800000,0.860000,0.017760
0.800000,0.870000,0.011810
0.800000,0.880000,0.005701
0.800000,0.890000,-0.000565
0.800000,0.900000,-0.006989
0.800000,0.910000,-0.013571
0.800000,0.920000,-0.020311
0.800000,0.930000,-0.027208
0.800000,0.940000,-0.034264
0.800000,0.950000,-0.041478
0.800000,0.960000,-0.048850
0.800000,0.970000,-0.056379
0.800000,0.980000,-0.064067
0.800000,0.990000,-0.071913
0.800000,1.000000,-0.079917
0.900000,0.000000,-0.067798
0.900000,0.010000,-0.059475
0.900000,0.020000,-0.051323
0.900000,0.030000,-0.043342
0.900000,0.040000,-0.035533
0.900000,0.050000,-0.027896
0.900000,0.060000,-0.020430
0.900000,0.070000,-0.013136
0.900000,0.080000,-0.006014
0.900000,0.090000,0.000935
0.900000,0.100000,0.007713
0.900000,0.110000,0.014318
0.900000,0.120000,0.020751
0.900000,0.130000,0.027012
0.900000,0.140000,0.033100
0.900000,0.150000,0.039015
0.900000,0.160000,0.044758
0.900000,0.170000,0.050328
0.900000,0.180000,0.055725
0.900000,0.190000,0.060949
0.900000,0.200000,0.065999
0.900000,0.210000,0.070877
0.900000,0.220000,0.075581
0.900000,0.230000,0.080112
0.900000,0.240000,0.084470
0.900000,0.250000,0.088654
0.900000,0.260000,0.092664
0.900000,0.270000,0.096501
0.900000,0.280000,0.100164
0.900000,0.290000,0.103653
0.900000,0.300000,0.106968
0.900000,0.310000,0.110109
0.900000,0.320000,0.113076
0.900000,0.330000,0.115868
0.900000,0.340000,0.118487
0.900000,0.350000,0.120931
0.900000,0.360000,0.123200
0.900000,0.370000,0.125296
0.900000,0.380000,0.127216
0.900000,0.390000,0.128962
0.900000,0.400000,0.130534
0.900000,0.410000,0.131930
0.900000,0.420000,0.133152
0.900000,0.430000,0.134198
0.900000,0.440000,0.135070
0.900000,0.450000,0.135767
0.900000,0.460000,0.136288
0.900000,0.470000,0.136635
0.900000,0.480000,0.136806
0.900000,0.490000,0.136802
0.900000,0.500000,0.136622
0.900000,0.510000,0.136267
0.900000,0.520000,0.135737
0.900000,0.530000,0.135031
0.900000,0.540000,0.134149
0.900000,0.550000,0.133092
0.900000,0.560000,0.131859
0.900000,0.570000,0.130451
0.900000,0.580000,0.128866
0.900000,0.590000,0.127106
0.900000,0.600000,0.125170
0.900000,0.610000,0.123057
0.900000,0.620000,0.120769
0.900000,0.630000,0.118305
0.900000,0.640000,0.115665
0.900000,0.650000,0.112848
0.900000,0.660000,0.109855
0.900000,0.670000,0.106687
0.900000,0.680000,0.103341
0.900000,0.690000,0.099820
0.900000,0.700000,0.096122
0.900000,0.710000,0.092248
0.900000,0.720000,0.088197
0.900000,0.730000,0.083970
0.900000,0.740000,0.079566
0.900000,0.750000,0.074986
0.900000,0.760000,0.070229
0.900000,0.770000,0.065296
0.900000,0.780000,0.060186
0.900000,0.790000,0.054900
0.900000,0.800000,0.049436
0.900000,0.810000,0.043796
0.900000,0.820000,0.037980
0.900000,0.830000,0.031986
0.900000,0.840000,0.025816
0.900000,0.850000,0.019469
0.900000,0.860000,0.012945
0.900000,0.870000,0.006244
0.900000,0.880000,-0.000634
0.900000,0.890000,-0.007688
0.900000,0.900000,-0.014920
0.900000,0.910000,-0.022328
0.900000,0.920000,-0.029913
0.900000,0.930000,-0.037676
0.900000,0.940000,-0.045615
0.900000,0.950000,-0.053731
0.900000,0.960000,-0.062024
0.900000,0.970000,-0.070495
0.900000,0.980000,-0.079142
0.900000,0.990000,-0.087966
0.900000,1.000000,-0.096968
1.000000,0.000000,-0.078389
1.000000,0.010000,-0.069173
1.000000,0.020000,-0.060147
1.000000,0.030000,-0.051311
1.000000,0.040000,-0.042667
1.000000,0.050000,-0.034214
1.000000,0.060000,-0.025952
1.000000,0.070000,-0.017881
1.000000,0.080000,-0.010001
1.000000,0.090000,-0.002312
1.000000,0.100000,0.005185
1.000000,0.110000,0.012490
1.000000,0.120000,0.019604
1.000000,0.130000,0.026526
1.000000,0.140000,0.033257
1.000000,0.150000,0.039795
1.000000,0.160000,0.046142
1.000000,0.170000,0.052296
1.000000,0.180000,0.058259
1.000000,0.190000,0.064029
1.000000,0.200000,0.069606
1.000000,0.210000,0.074992
1.000000,0.220000,0.080185
1.000000,0.230000,0.085185
1.000000,0.240000,0.089993
1.000000,0.250000,0.094608
1.000000,0.260000,0.099030
1.000000,0.270000,0.103259
1.000000,0.280000,0.107296
1.000000,0.290000,0.111139
1.000000,0.300000,0.114790
1.000000,0.310000,0.118247
1.000000,0.320000,0.121510
1.000000,0.330000,0.124581
1.000000,0.340000,0.127458
1.000000,0.350000,0.130142
1.000000,0.360000,0.132632
1.000000,0.370000,0.134928
1.000000,0.380000,0.137031
1.000000,0.390000,0.138940
1.000000,0.400000,0.140655
1.000000,0.410000,0.142177
1.000000,0.420000,0.143504
1.000000,0.430000,0.144638
1.000000,0.440000,0.145577
1.000000,0.450000,0.146322
1.000000,0.460000,0.146873
1.000000,0.470000,0.147230
1.000000,0.480000,0.147393
1.000000,0.490000,0.147361
1.000000,0.500000,0.147134
1.000000,0.510000,0.146714
1.000000,0.520000,0.146098
1.000000,0.530000,0.145288
1.000000,0.540000,0.144284
1.000000,0.550000,0.143084
1.000000,0.560000,0.141690
1.000000,0.570000,0.140101
1.000000,0.580000,0.138318
1.000000,0.590000,0.136339
1.000000,0.600000,0.134165
1.000000,0.610000,0.131797
1.000000,0.620000,0.129233
1.000000,0.630000,0.126474
1.000000,0.640000,0.123520
1.000000,0.650000,0.120371
1.000000,0.660000,0.117027
1.000000,0.670000,0.113487
1.000000,0.680000,0.109752
1.000000,0.690000,0.105822
1.000000,0.700000,0.101696
1.000000,0.710000,0.097375
1.000000,0.720000,0.092859
1.000000,0.730000,0.088147
1.000000,0.740000,0.083239
1.000000,0.750000,0.078136
1.000000,0.760000,0.072837
1.000000,0.770000,0.067343
1.000000,0.780000,0.061653
1.000000,0.790000,0.055767
1.000000,0.800000,0.049686
1.000000,0.810000,0.043409
1.000000,0.820000,0.036936
1.000000,0.830000,0.030267
1.000000,0.840000,0.023402
1.000000,0.850000,0.016342
1.000000,0.860000,0.009086
1.000000,0.870000,0.001633
1.000000,0.880000,-0.006015
1.000000,0.890000,-0.013859
1.000000,0.900000,-0.021899
1.000000,0.910000,-0.030135
1.000000,0.920000,-0.038567
1.000000,0.930000,-0.047195
1.000000,0.940000,-0.056019
1.000000,0.950000,-0.065039
1.000000,0.960000,-0.074255
1.000000,0.970000,-0.083667
1.000000,0.980000,-0.093276
1.000000,0.990000,-0.103080
1.000000,1.000000,-0.113081
